,danceability,energy,key,loudness,mode,speechiness,acousticness,instrumentalness,liveness,valence,tempo,type,id,uri,track_href,analysis_url,duration_ms,time_signature
0,0.687,0.887,1,-5.04,0,0.0826,0.0575,2.21e-06,0.27,0.853,114.941,audio_features,2KukL7UlQ8TdvpaA7bY3ZJ,spotify:track:2KukL7UlQ8TdvpaA7bY3ZJ,https://api.spotify.com/v1/tracks/2KukL7UlQ8TdvpaA7bY3ZJ,https://api.spotify.com/v1/audio-analysis/2KukL7UlQ8TdvpaA7bY3ZJ,278282,4
1,0.52,0.731,6,-5.338,0,0.0557,0.342,0.00101,0.311,0.662,173.93,audio_features,4LRPiXqCikLlN15c3yImP7,spotify:track:4LRPiXqCikLlN15c3yImP7,https://api.spotify.com/v1/tracks/4LRPiXqCikLlN15c3yImP7,https://api.spotify.com/v1/audio-analysis/4LRPiXqCikLlN15c3yImP7,167303,4
2,0.836,0.743,10,-6.305,0,0.0656,0.0995,0.0,0.335,0.722,108.966,audio_features,1PckUlxKqWQs3RlWXVBLw3,spotify:track:1PckUlxKqWQs3RlWXVBLw3,https://api.spotify.com/v1/tracks/1PckUlxKqWQs3RlWXVBLw3,https://api.spotify.com/v1/audio-analysis/1PckUlxKqWQs3RlWXVBLw3,191822,4
3,0.625,0.533,10,-11.903,0,0.0596,0.659,0.00266,0.0546,0.139,108.296,audio_features,29d0nY7TzCoi22XBqDQkiP,spotify:track:29d0nY7TzCoi22XBqDQkiP,https://api.spotify.com/v1/tracks/29d0nY7TzCoi22XBqDQkiP,https://api.spotify.com/v1/audio-analysis/29d0nY7TzCoi22XBqDQkiP,300840,4
4,0.718,0.461,4,-7.676,0,0.0797,0.068,0.0,0.283,0.181,129.953,audio_features,0g2Bbgy7P41pFjMWJuzsf4,spotify:track:0g2Bbgy7P41pFjMWJuzsf4,https://api.spotify.com/v1/tracks/0g2Bbgy7P41pFjMWJuzsf4,https://api.spotify.com/v1/audio-analysis/0g2Bbgy7P41pFjMWJuzsf4,178176,4
5,0.686,0.507,1,-7.097,1,0.0357,0.626,7.51e-05,0.383,0.69,168.955,audio_features,5CM4UuQ9Gnd6K2YyKGPMoK,spotify:track:5CM4UuQ9Gnd6K2YyKGPMoK,https://api.spotify.com/v1/tracks/5CM4UuQ9Gnd6K2YyKGPMoK,https://api.spotify.com/v1/audio-analysis/5CM4UuQ9Gnd6K2YyKGPMoK,232115,4
6,0.463,0.642,1,-4.474,1,0.34,0.314,0.0,0.0686,0.339,83.389,audio_features,59nOXPmaKlBfGMDeOVGrIK,spotify:track:59nOXPmaKlBfGMDeOVGrIK,https://api.spotify.com/v1/tracks/59nOXPmaKlBfGMDeOVGrIK,https://api.spotify.com/v1/audio-analysis/59nOXPmaKlBfGMDeOVGrIK,189893,4
7,0.768,0.714,10,-5.11,1,0.0401,0.352,0.0,0.15,0.842,131.443,audio_features,4h4QlmocP3IuwYEj2j14p8,spotify:track:4h4QlmocP3IuwYEj2j14p8,https://api.spotify.com/v1/tracks/4h4QlmocP3IuwYEj2j14p8,https://api.spotify.com/v1/audio-analysis/4h4QlmocP3IuwYEj2j14p8,163026,4
8,0.905,0.563,8,-6.135,1,0.102,0.0254,9.71e-06,0.113,0.324,106.998,audio_features,1rDQ4oMwGJI7B4tovsBOxc,spotify:track:1rDQ4oMwGJI7B4tovsBOxc,https://api.spotify.com/v1/tracks/1rDQ4oMwGJI7B4tovsBOxc,https://api.spotify.com/v1/audio-analysis/1rDQ4oMwGJI7B4tovsBOxc,173948,4
9,0.762,0.861,0,-3.296,1,0.0955,0.0185,0.0,0.264,0.955,120.048,audio_features,0xzI1KAr0Yd9tv8jlIk3sn,spotify:track:0xzI1KAr0Yd9tv8jlIk3sn,https://api.spotify.com/v1/tracks/0xzI1KAr0Yd9tv8jlIk3sn,https://api.spotify.com/v1/audio-analysis/0xzI1KAr0Yd9tv8jlIk3sn,172714,4
10,0.911,0.712,1,-5.105,0,0.0817,0.0901,2.68e-05,0.0933,0.425,92.005,audio_features,6Sq7ltF9Qa7SNFBsV5Cogx,spotify:track:6Sq7ltF9Qa7SNFBsV5Cogx,https://api.spotify.com/v1/tracks/6Sq7ltF9Qa7SNFBsV5Cogx,https://api.spotify.com/v1/audio-analysis/6Sq7ltF9Qa7SNFBsV5Cogx,178567,4
11,0.714,0.728,10,-4.595,1,0.0468,0.298,0.0,0.106,0.901,114.996,audio_features,1qEmFfgcLObUfQm0j1W2CK,spotify:track:1qEmFfgcLObUfQm0j1W2CK,https://api.spotify.com/v1/tracks/1qEmFfgcLObUfQm0j1W2CK,https://api.spotify.com/v1/audio-analysis/1qEmFfgcLObUfQm0j1W2CK,177955,4
12,0.733,0.67,5,-6.009,1,0.0751,0.121,0.0,0.121,0.472,100.964,audio_features,0O6u0VJ46W86TxN9wgyqDj,spotify:track:0O6u0VJ46W86TxN9wgyqDj,https://api.spotify.com/v1/tracks/0O6u0VJ46W86TxN9wgyqDj,https://api.spotify.com/v1/audio-analysis/0O6u0VJ46W86TxN9wgyqDj,192841,4
13,0.761,0.525,11,-6.9,1,0.0944,0.44,6.7e-06,0.0921,0.531,80.87,audio_features,3USxtqRwSYz57Ewm6wWRMp,spotify:track:3USxtqRwSYz57Ewm6wWRMp,https://api.spotify.com/v1/tracks/3USxtqRwSYz57Ewm6wWRMp,https://api.spotify.com/v1/audio-analysis/3USxtqRwSYz57Ewm6wWRMp,238805,4
14,0.608,0.745,1,-4.13,1,0.0277,0.0226,6.47e-06,0.0942,0.464,102.025,audio_features,28n8z9IQKyjMPxmvYMBqZa,spotify:track:28n8z9IQKyjMPxmvYMBqZa,https://api.spotify.com/v1/tracks/28n8z9IQKyjMPxmvYMBqZa,https://api.spotify.com/v1/audio-analysis/28n8z9IQKyjMPxmvYMBqZa,224427,4
15,0.65,0.715,5,-5.198,0,0.253,0.0993,0.000291,0.126,0.187,106.672,audio_features,1IHWl5LamUGEuP4ozKQSXZ,spotify:track:1IHWl5LamUGEuP4ozKQSXZ,https://api.spotify.com/v1/tracks/1IHWl5LamUGEuP4ozKQSXZ,https://api.spotify.com/v1/audio-analysis/1IHWl5LamUGEuP4ozKQSXZ,243717,4
16,0.505,0.657,11,-5.24,0,0.0318,0.373,0.00107,0.126,0.252,196.0,audio_features,3cBsEDNhFI9E82vPj3kvi3,spotify:track:3cBsEDNhFI9E82vPj3kvi3,https://api.spotify.com/v1/tracks/3cBsEDNhFI9E82vPj3kvi3,https://api.spotify.com/v1/audio-analysis/3cBsEDNhFI9E82vPj3kvi3,178520,3
17,0.731,0.85,9,-4.913,1,0.0336,0.252,0.0,0.605,0.644,119.706,audio_features,5uU1uuyaUIBOiiUSQG7Wl3,spotify:track:5uU1uuyaUIBOiiUSQG7Wl3,https://api.spotify.com/v1/tracks/5uU1uuyaUIBOiiUSQG7Wl3,https://api.spotify.com/v1/audio-analysis/5uU1uuyaUIBOiiUSQG7Wl3,157478,4
18,0.704,0.797,0,-5.927,1,0.0475,0.0826,0.000745,0.0546,0.825,139.994,audio_features,4h9wh7iOZ0GGn8QVp4RAOB,spotify:track:4h9wh7iOZ0GGn8QVp4RAOB,https://api.spotify.com/v1/tracks/4h9wh7iOZ0GGn8QVp4RAOB,https://api.spotify.com/v1/audio-analysis/4h9wh7iOZ0GGn8QVp4RAOB,148486,4
19,0.718,0.461,4,-7.676,0,0.0797,0.068,0.0,0.283,0.181,129.953,audio_features,0g2Bbgy7P41pFjMWJuzsf4,spotify:track:0g2Bbgy7P41pFjMWJuzsf4,https://api.spotify.com/v1/tracks/0g2Bbgy7P41pFjMWJuzsf4,https://api.spotify.com/v1/audio-analysis/0g2Bbgy7P41pFjMWJuzsf4,178176,4
20,0.935,0.807,11,-3.838,0,0.114,0.0514,0.0,0.349,0.813,106.017,audio_features,6Zu3aw7FfjAF9WA0fA81Oq,spotify:track:6Zu3aw7FfjAF9WA0fA81Oq,https://api.spotify.com/v1/tracks/6Zu3aw7FfjAF9WA0fA81Oq,https://api.spotify.com/v1/audio-analysis/6Zu3aw7FfjAF9WA0fA81Oq,173182,4
21,0.607,0.912,8,-3.449,1,0.0611,0.124,0.0,0.332,0.722,134.944,audio_features,200x8ONbPfFzByUr3fVz46,spotify:track:200x8ONbPfFzByUr3fVz46,https://api.spotify.com/v1/tracks/200x8ONbPfFzByUr3fVz46,https://api.spotify.com/v1/audio-analysis/200x8ONbPfFzByUr3fVz46,206107,4
22,0.529,0.673,0,-4.711,1,0.175,0.000307,2.41e-06,0.093,0.366,165.921,audio_features,3F5CgOj3wFlRv51JsHbxhe,spotify:track:3F5CgOj3wFlRv51JsHbxhe,https://api.spotify.com/v1/tracks/3F5CgOj3wFlRv51JsHbxhe,https://api.spotify.com/v1/audio-analysis/3F5CgOj3wFlRv51JsHbxhe,218365,4
23,0.44,0.317,8,-9.258,1,0.0531,0.891,4.78e-06,0.141,0.268,169.914,audio_features,6xGruZOHLs39ZbVccQTuPZ,spotify:track:6xGruZOHLs39ZbVccQTuPZ,https://api.spotify.com/v1/tracks/6xGruZOHLs39ZbVccQTuPZ,https://api.spotify.com/v1/audio-analysis/6xGruZOHLs39ZbVccQTuPZ,233456,3
24,0.601,0.741,2,-5.569,1,0.0478,0.185,2.91e-05,0.415,0.441,153.96,audio_features,6I3mqTwhRpn34SLVafSH7G,spotify:track:6I3mqTwhRpn34SLVafSH7G,https://api.spotify.com/v1/tracks/6I3mqTwhRpn34SLVafSH7G,https://api.spotify.com/v1/audio-analysis/6I3mqTwhRpn34SLVafSH7G,153190,4
25,0.804,0.674,5,-5.453,0,0.0333,0.294,1.18e-06,0.115,0.292,99.968,audio_features,6Xom58OOXk2SoU711L2IXO,spotify:track:6Xom58OOXk2SoU711L2IXO,https://api.spotify.com/v1/tracks/6Xom58OOXk2SoU711L2IXO,https://api.spotify.com/v1/audio-analysis/6Xom58OOXk2SoU711L2IXO,245940,4
26,0.742,0.527,8,-6.892,0,0.0769,0.327,0.0,0.25,0.638,84.974,audio_features,3o9kpgkIcffx0iSwxhuNI2,spotify:track:3o9kpgkIcffx0iSwxhuNI2,https://api.spotify.com/v1/tracks/3o9kpgkIcffx0iSwxhuNI2,https://api.spotify.com/v1/audio-analysis/3o9kpgkIcffx0iSwxhuNI2,169238,4
27,0.542,0.82,8,-6.073,1,0.0432,0.000682,0.000136,0.0561,0.702,124.85,audio_features,3j1xkzTW8owIphkWV51V9s,spotify:track:3j1xkzTW8owIphkWV51V9s,https://api.spotify.com/v1/tracks/3j1xkzTW8owIphkWV51V9s,https://api.spotify.com/v1/audio-analysis/3j1xkzTW8owIphkWV51V9s,234341,4
28,0.788,0.859,2,-2.724,1,0.0856,0.281,0.0,0.0424,0.822,141.02,audio_features,50nfwKoDiSYg8zOCREWAm5,spotify:track:50nfwKoDiSYg8zOCREWAm5,https://api.spotify.com/v1/tracks/50nfwKoDiSYg8zOCREWAm5,https://api.spotify.com/v1/audio-analysis/50nfwKoDiSYg8zOCREWAm5,207853,4
29,0.602,0.796,5,-5.609,1,0.0465,0.146,0.0,0.125,0.53,106.005,audio_features,6AqwH2Y9FJwhUE2dCSkw1u,spotify:track:6AqwH2Y9FJwhUE2dCSkw1u,https://api.spotify.com/v1/tracks/6AqwH2Y9FJwhUE2dCSkw1u,https://api.spotify.com/v1/audio-analysis/6AqwH2Y9FJwhUE2dCSkw1u,189780,4
30,0.801,0.601,8,-7.574,0,0.255,0.0777,3.23e-05,0.145,0.74,159.969,audio_features,0hquQWY3xvYqN4qtiquniF,spotify:track:0hquQWY3xvYqN4qtiquniF,https://api.spotify.com/v1/tracks/0hquQWY3xvYqN4qtiquniF,https://api.spotify.com/v1/audio-analysis/0hquQWY3xvYqN4qtiquniF,182907,4
31,0.643,0.605,4,-5.968,0,0.297,0.0336,0.0,0.112,0.145,84.216,audio_features,3ihIZrJreMJPjQdNLrEXnP,spotify:track:3ihIZrJreMJPjQdNLrEXnP,https://api.spotify.com/v1/tracks/3ihIZrJreMJPjQdNLrEXnP,https://api.spotify.com/v1/audio-analysis/3ihIZrJreMJPjQdNLrEXnP,200471,4
32,0.912,0.655,8,-6.029,0,0.162,0.315,3.39e-05,0.0894,0.793,91.942,audio_features,0W6I02J9xcqK8MtSeosEXb,spotify:track:0W6I02J9xcqK8MtSeosEXb,https://api.spotify.com/v1/tracks/0W6I02J9xcqK8MtSeosEXb,https://api.spotify.com/v1/audio-analysis/0W6I02J9xcqK8MtSeosEXb,138293,4
33,0.796,0.798,1,-6.312,1,0.0317,0.034,4.19e-05,0.0952,0.942,116.032,audio_features,6zSpb8dQRaw0M1dK8PBwQz,spotify:track:6zSpb8dQRaw0M1dK8PBwQz,https://api.spotify.com/v1/tracks/6zSpb8dQRaw0M1dK8PBwQz,https://api.spotify.com/v1/audio-analysis/6zSpb8dQRaw0M1dK8PBwQz,202735,4
34,0.582,0.568,1,-7.3,1,0.0275,0.577,0.0,0.105,0.394,121.991,audio_features,4686eQ81DEswHa90bcdlC9,spotify:track:4686eQ81DEswHa90bcdlC9,https://api.spotify.com/v1/tracks/4686eQ81DEswHa90bcdlC9,https://api.spotify.com/v1/audio-analysis/4686eQ81DEswHa90bcdlC9,207541,3
35,0.853,0.495,6,-14.63,1,0.14,0.0917,0.000217,0.0844,0.0774,137.027,audio_features,4rmVZajAF7PkrCagGPHbqa,spotify:track:4rmVZajAF7PkrCagGPHbqa,https://api.spotify.com/v1/tracks/4rmVZajAF7PkrCagGPHbqa,https://api.spotify.com/v1/audio-analysis/4rmVZajAF7PkrCagGPHbqa,243228,4
36,0.763,0.709,9,-5.748,1,0.199,0.00815,0.0,0.123,0.277,160.16,audio_features,0UmMT7DNXCOJvSmXXGNG5b,spotify:track:0UmMT7DNXCOJvSmXXGNG5b,https://api.spotify.com/v1/tracks/0UmMT7DNXCOJvSmXXGNG5b,https://api.spotify.com/v1/audio-analysis/0UmMT7DNXCOJvSmXXGNG5b,132750,4
37,0.524,0.643,9,-6.055,1,0.0297,0.451,0.0,0.221,0.397,135.962,audio_features,5gVCfYmQRPy1QJifP8f5gg,spotify:track:5gVCfYmQRPy1QJifP8f5gg,https://api.spotify.com/v1/tracks/5gVCfYmQRPy1QJifP8f5gg,https://api.spotify.com/v1/audio-analysis/5gVCfYmQRPy1QJifP8f5gg,232059,4
38,0.646,0.816,6,-2.65,1,0.0269,0.00496,0.0,0.179,0.865,102.972,audio_features,3SeeaIXnrCfT88vHVCRWHl,spotify:track:3SeeaIXnrCfT88vHVCRWHl,https://api.spotify.com/v1/tracks/3SeeaIXnrCfT88vHVCRWHl,https://api.spotify.com/v1/audio-analysis/3SeeaIXnrCfT88vHVCRWHl,181991,4
39,0.801,0.475,7,-8.797,0,0.0516,0.141,1.73e-05,0.0639,0.234,98.047,audio_features,5Eax0qFko2dh7Rl2lYs3bx,spotify:track:5Eax0qFko2dh7Rl2lYs3bx,https://api.spotify.com/v1/tracks/5Eax0qFko2dh7Rl2lYs3bx,https://api.spotify.com/v1/audio-analysis/5Eax0qFko2dh7Rl2lYs3bx,213061,4
40,0.87,0.516,1,-8.006,1,0.0541,0.656,0.00823,0.11,0.53,111.005,audio_features,7dSZ6zGTQx66c2GF91xCrb,spotify:track:7dSZ6zGTQx66c2GF91xCrb,https://api.spotify.com/v1/tracks/7dSZ6zGTQx66c2GF91xCrb,https://api.spotify.com/v1/audio-analysis/7dSZ6zGTQx66c2GF91xCrb,210200,4
41,0.369,0.192,4,-12.151,0,0.04,0.555,8.35e-06,0.0954,0.148,175.212,audio_features,3WMj8moIAXJhHsyLaqIIHI,spotify:track:3WMj8moIAXJhHsyLaqIIHI,https://api.spotify.com/v1/tracks/3WMj8moIAXJhHsyLaqIIHI,https://api.spotify.com/v1/audio-analysis/3WMj8moIAXJhHsyLaqIIHI,228013,3
42,0.545,0.641,10,-6.398,0,0.0998,0.00453,6.59e-05,0.171,0.464,121.892,audio_features,1Hohk6AufHZOrrhMXZppax,spotify:track:1Hohk6AufHZOrrhMXZppax,https://api.spotify.com/v1/tracks/1Hohk6AufHZOrrhMXZppax,https://api.spotify.com/v1/audio-analysis/1Hohk6AufHZOrrhMXZppax,215460,4
43,0.825,0.414,2,-6.634,1,0.144,0.00265,0.0,0.357,0.106,72.993,audio_features,4A8cWXxKfIL3lAyUDzXbCF,spotify:track:4A8cWXxKfIL3lAyUDzXbCF,https://api.spotify.com/v1/tracks/4A8cWXxKfIL3lAyUDzXbCF,https://api.spotify.com/v1/audio-analysis/4A8cWXxKfIL3lAyUDzXbCF,200548,4
44,0.723,0.772,1,-6.784,1,0.0792,0.00524,1.15e-05,0.367,0.58,102.004,audio_features,4cacyP5c3PMlfnyjpg13xW,spotify:track:4cacyP5c3PMlfnyjpg13xW,https://api.spotify.com/v1/tracks/4cacyP5c3PMlfnyjpg13xW,https://api.spotify.com/v1/audio-analysis/4cacyP5c3PMlfnyjpg13xW,146471,4
45,0.64,0.74,4,-4.083,1,0.0284,0.0115,0.00678,0.167,0.785,116.879,audio_features,6K4t31amVTZDgR3sKmwUJJ,spotify:track:6K4t31amVTZDgR3sKmwUJJ,https://api.spotify.com/v1/tracks/6K4t31amVTZDgR3sKmwUJJ,https://api.spotify.com/v1/audio-analysis/6K4t31amVTZDgR3sKmwUJJ,216320,4
46,0.773,0.602,0,-6.777,1,0.173,0.424,0.0,0.125,0.553,82.055,audio_features,0oPpchtgx4hZ2J246g5mqn,spotify:track:0oPpchtgx4hZ2J246g5mqn,https://api.spotify.com/v1/tracks/0oPpchtgx4hZ2J246g5mqn,https://api.spotify.com/v1/audio-analysis/0oPpchtgx4hZ2J246g5mqn,141166,4
47,0.881,0.592,2,-4.898,1,0.0324,0.619,1.32e-05,0.0901,0.719,101.058,audio_features,0mBP9X2gPCuapvpZ7TGDk3,spotify:track:0mBP9X2gPCuapvpZ7TGDk3,https://api.spotify.com/v1/tracks/0mBP9X2gPCuapvpZ7TGDk3,https://api.spotify.com/v1/audio-analysis/0mBP9X2gPCuapvpZ7TGDk3,154487,4
48,0.864,0.476,1,-10.068,1,0.436,0.0374,0.0,0.374,0.647,157.144,audio_features,1vrFJDrysqmsNAgyjBzx4f,spotify:track:1vrFJDrysqmsNAgyjBzx4f,https://api.spotify.com/v1/tracks/1vrFJDrysqmsNAgyjBzx4f,https://api.spotify.com/v1/audio-analysis/1vrFJDrysqmsNAgyjBzx4f,137580,4
49,0.78,0.689,7,-5.668,1,0.141,0.0368,9.69e-06,0.0698,0.642,115.042,audio_features,1xzi1Jcr7mEi9K2RfzLOqS,spotify:track:1xzi1Jcr7mEi9K2RfzLOqS,https://api.spotify.com/v1/tracks/1xzi1Jcr7mEi9K2RfzLOqS,https://api.spotify.com/v1/audio-analysis/1xzi1Jcr7mEi9K2RfzLOqS,225389,4
50,0.365,0.541,7,-7.489,1,0.0304,0.0419,2.25e-06,0.281,0.329,86.041,audio_features,25VQoiuyc0HkC5FQTj1a8G,spotify:track:25VQoiuyc0HkC5FQTj1a8G,https://api.spotify.com/v1/tracks/25VQoiuyc0HkC5FQTj1a8G,https://api.spotify.com/v1/audio-analysis/25VQoiuyc0HkC5FQTj1a8G,232093,4
51,0.523,0.64,4,-6.15,1,0.0295,0.0512,5.52e-05,0.0675,0.48,144.022,audio_features,4jp9FimhP2bQ93vR0A5r7b,spotify:track:4jp9FimhP2bQ93vR0A5r7b,https://api.spotify.com/v1/tracks/4jp9FimhP2bQ93vR0A5r7b,https://api.spotify.com/v1/audio-analysis/4jp9FimhP2bQ93vR0A5r7b,230227,4
52,0.878,0.685,9,-5.28,1,0.225,0.00152,0.0,0.0753,0.523,157.003,audio_features,3uJFmluXzYedoJcvhpC1AW,spotify:track:3uJFmluXzYedoJcvhpC1AW,https://api.spotify.com/v1/tracks/3uJFmluXzYedoJcvhpC1AW,https://api.spotify.com/v1/audio-analysis/3uJFmluXzYedoJcvhpC1AW,211649,4
53,0.559,0.66,7,-4.143,1,0.0512,0.222,0.0,0.193,0.574,163.957,audio_features,2afB4eV1KWBqLqFqME6PTh,spotify:track:2afB4eV1KWBqLqFqME6PTh,https://api.spotify.com/v1/tracks/2afB4eV1KWBqLqFqME6PTh,https://api.spotify.com/v1/audio-analysis/2afB4eV1KWBqLqFqME6PTh,157907,4
54,0.829,0.799,9,-5.389,1,0.0897,0.0151,0.000543,0.242,0.471,97.013,audio_features,4tYFy8ALRjIZvnvSLw5lxN,spotify:track:4tYFy8ALRjIZvnvSLw5lxN,https://api.spotify.com/v1/tracks/4tYFy8ALRjIZvnvSLw5lxN,https://api.spotify.com/v1/audio-analysis/4tYFy8ALRjIZvnvSLw5lxN,227629,4
55,0.912,0.774,0,-4.673,0,0.0455,0.121,0.0127,0.101,0.632,119.966,audio_features,10xV5l9nhLvFpR8mqzs0bL,spotify:track:10xV5l9nhLvFpR8mqzs0bL,https://api.spotify.com/v1/tracks/10xV5l9nhLvFpR8mqzs0bL,https://api.spotify.com/v1/audio-analysis/10xV5l9nhLvFpR8mqzs0bL,155589,4
56,0.869,0.298,2,-12.076,1,0.386,0.2,0.0,0.0753,0.178,77.47,audio_features,5cx7vkF8BQ0iOsVpfvZbnz,spotify:track:5cx7vkF8BQ0iOsVpfvZbnz,https://api.spotify.com/v1/tracks/5cx7vkF8BQ0iOsVpfvZbnz,https://api.spotify.com/v1/audio-analysis/5cx7vkF8BQ0iOsVpfvZbnz,161355,4
57,0.647,0.686,3,-5.745,0,0.0413,0.08,1.34e-06,0.528,0.268,79.928,audio_features,3k3NWokhRRkEPhCzPmV8TW,spotify:track:3k3NWokhRRkEPhCzPmV8TW,https://api.spotify.com/v1/tracks/3k3NWokhRRkEPhCzPmV8TW,https://api.spotify.com/v1/audio-analysis/3k3NWokhRRkEPhCzPmV8TW,258299,4
58,0.576,0.627,3,-4.649,0,0.0449,0.0385,0.0,0.181,0.311,164.998,audio_features,6kxaaIeowajN7w21PfMLbu,spotify:track:6kxaaIeowajN7w21PfMLbu,https://api.spotify.com/v1/tracks/6kxaaIeowajN7w21PfMLbu,https://api.spotify.com/v1/audio-analysis/6kxaaIeowajN7w21PfMLbu,176059,4
59,0.564,0.903,5,-3.221,1,0.307,0.356,0.0,0.175,0.607,78.293,audio_features,1dm6z1fWB0cErMszU25dy2,spotify:track:1dm6z1fWB0cErMszU25dy2,https://api.spotify.com/v1/tracks/1dm6z1fWB0cErMszU25dy2,https://api.spotify.com/v1/audio-analysis/1dm6z1fWB0cErMszU25dy2,230400,4
60,0.529,0.755,1,-5.864,1,0.125,0.222,0.0,0.0986,0.528,96.86,audio_features,4MDYIbU6I29Gjiu7JATTIJ,spotify:track:4MDYIbU6I29Gjiu7JATTIJ,https://api.spotify.com/v1/tracks/4MDYIbU6I29Gjiu7JATTIJ,https://api.spotify.com/v1/audio-analysis/4MDYIbU6I29Gjiu7JATTIJ,174360,4
61,0.83,0.644,10,-5.431,0,0.407,0.0298,0.0,0.11,0.227,155.103,audio_features,02Cj2MSlERvamTj5A7Zi0P,spotify:track:02Cj2MSlERvamTj5A7Zi0P,https://api.spotify.com/v1/tracks/02Cj2MSlERvamTj5A7Zi0P,https://api.spotify.com/v1/audio-analysis/02Cj2MSlERvamTj5A7Zi0P,173419,4
62,0.808,0.678,5,-6.492,0,0.34,0.0262,0.0,0.107,0.599,159.063,audio_features,2kMaRdtDUsqpcuKhxLZxR5,spotify:track:2kMaRdtDUsqpcuKhxLZxR5,https://api.spotify.com/v1/tracks/2kMaRdtDUsqpcuKhxLZxR5,https://api.spotify.com/v1/audio-analysis/2kMaRdtDUsqpcuKhxLZxR5,181132,4
63,0.562,0.463,6,-7.478,1,0.0787,0.442,0.000145,0.157,0.416,125.15,audio_features,2mzM4Y0Rnx2BDZqRnhQ5Q6,spotify:track:2mzM4Y0Rnx2BDZqRnhQ5Q6,https://api.spotify.com/v1/tracks/2mzM4Y0Rnx2BDZqRnhQ5Q6,https://api.spotify.com/v1/audio-analysis/2mzM4Y0Rnx2BDZqRnhQ5Q6,247579,5
64,0.479,0.768,8,-5.204,1,0.0312,7.02e-05,0.00549,0.121,0.576,110.024,audio_features,6Tm4Io4ct4w14nB1EUzsY3,spotify:track:6Tm4Io4ct4w14nB1EUzsY3,https://api.spotify.com/v1/tracks/6Tm4Io4ct4w14nB1EUzsY3,https://api.spotify.com/v1/audio-analysis/6Tm4Io4ct4w14nB1EUzsY3,183790,4
65,0.586,0.556,6,-7.639,1,0.0592,0.00655,0.0,0.0836,0.517,167.018,audio_features,4svaKoxMMP7ImmKrD5hfQu,spotify:track:4svaKoxMMP7ImmKrD5hfQu,https://api.spotify.com/v1/tracks/4svaKoxMMP7ImmKrD5hfQu,https://api.spotify.com/v1/audio-analysis/4svaKoxMMP7ImmKrD5hfQu,176125,4
66,0.792,0.919,2,-5.688,1,0.276,0.0381,5.1e-06,0.368,0.22,92.028,audio_features,2mqTtvbKxH7SoEQ2oGAnsA,spotify:track:2mqTtvbKxH7SoEQ2oGAnsA,https://api.spotify.com/v1/tracks/2mqTtvbKxH7SoEQ2oGAnsA,https://api.spotify.com/v1/audio-analysis/2mqTtvbKxH7SoEQ2oGAnsA,224473,4
67,0.762,0.65,0,-6.018,1,0.36,0.283,0.0,0.217,0.503,79.488,audio_features,7gGxciSaKoeDJIC7dcaVFC,spotify:track:7gGxciSaKoeDJIC7dcaVFC,https://api.spotify.com/v1/tracks/7gGxciSaKoeDJIC7dcaVFC,https://api.spotify.com/v1/audio-analysis/7gGxciSaKoeDJIC7dcaVFC,169057,4
68,0.468,0.779,9,-4.839,1,0.0779,0.112,0.000373,0.101,0.26,173.799,audio_features,1yvMUkIOTeUNtNWlWRgANS,spotify:track:1yvMUkIOTeUNtNWlWRgANS,https://api.spotify.com/v1/tracks/1yvMUkIOTeUNtNWlWRgANS,https://api.spotify.com/v1/audio-analysis/1yvMUkIOTeUNtNWlWRgANS,217747,4
69,0.773,0.742,5,-3.678,0,0.046,0.0206,0.0,0.0754,0.571,114.071,audio_features,0HqZX76SFLDz2aW8aiqi7G,spotify:track:0HqZX76SFLDz2aW8aiqi7G,https://api.spotify.com/v1/tracks/0HqZX76SFLDz2aW8aiqi7G,https://api.spotify.com/v1/audio-analysis/0HqZX76SFLDz2aW8aiqi7G,165265,4
70,0.795,0.684,11,-3.971,0,0.0419,0.0225,0.0,0.658,0.419,114.011,audio_features,41oY4WCTj5kccfesTVFnvN,spotify:track:41oY4WCTj5kccfesTVFnvN,https://api.spotify.com/v1/tracks/41oY4WCTj5kccfesTVFnvN,https://api.spotify.com/v1/audio-analysis/41oY4WCTj5kccfesTVFnvN,237895,4
71,0.678,0.528,10,-7.317,1,0.0551,0.289,0.0,0.0734,0.614,79.018,audio_features,3HGnIIdHYIbkowzLk8UHbE,spotify:track:3HGnIIdHYIbkowzLk8UHbE,https://api.spotify.com/v1/tracks/3HGnIIdHYIbkowzLk8UHbE,https://api.spotify.com/v1/audio-analysis/3HGnIIdHYIbkowzLk8UHbE,194545,4
72,0.646,0.816,6,-2.65,1,0.0269,0.00496,0.0,0.179,0.865,102.972,audio_features,3SeeaIXnrCfT88vHVCRWHl,spotify:track:3SeeaIXnrCfT88vHVCRWHl,https://api.spotify.com/v1/tracks/3SeeaIXnrCfT88vHVCRWHl,https://api.spotify.com/v1/audio-analysis/3SeeaIXnrCfT88vHVCRWHl,181991,4
73,0.66,0.373,11,-10.234,1,0.595,0.149,0.0,0.106,0.35,167.912,audio_features,2TSfStvlAMLw89u3tali79,spotify:track:2TSfStvlAMLw89u3tali79,https://api.spotify.com/v1/tracks/2TSfStvlAMLw89u3tali79,https://api.spotify.com/v1/audio-analysis/2TSfStvlAMLw89u3tali79,151776,4
74,0.661,0.679,11,-5.558,0,0.282,0.0533,0.0,0.087,0.723,147.983,audio_features,6YiJ0k1DBJl59WorlLOEK5,spotify:track:6YiJ0k1DBJl59WorlLOEK5,https://api.spotify.com/v1/tracks/6YiJ0k1DBJl59WorlLOEK5,https://api.spotify.com/v1/audio-analysis/6YiJ0k1DBJl59WorlLOEK5,155676,4
75,0.611,0.756,7,-4.483,1,0.0288,0.0587,0.0,0.378,0.596,106.012,audio_features,20WKHeDTmtU0Zj4sNB8aoA,spotify:track:20WKHeDTmtU0Zj4sNB8aoA,https://api.spotify.com/v1/tracks/20WKHeDTmtU0Zj4sNB8aoA,https://api.spotify.com/v1/audio-analysis/20WKHeDTmtU0Zj4sNB8aoA,167376,4
76,0.669,0.773,0,-5.619,1,0.153,0.038,0.0,0.113,0.377,93.923,audio_features,7DwcBgdzqhFJltEaV1XF81,spotify:track:7DwcBgdzqhFJltEaV1XF81,https://api.spotify.com/v1/tracks/7DwcBgdzqhFJltEaV1XF81,https://api.spotify.com/v1/audio-analysis/7DwcBgdzqhFJltEaV1XF81,185857,4
77,0.492,0.708,10,-4.639,1,0.0334,0.0975,0.0,0.12,0.697,161.989,audio_features,4Qum1kECNQrpREev5fvAQ4,spotify:track:4Qum1kECNQrpREev5fvAQ4,https://api.spotify.com/v1/tracks/4Qum1kECNQrpREev5fvAQ4,https://api.spotify.com/v1/audio-analysis/4Qum1kECNQrpREev5fvAQ4,203037,4
78,0.903,0.519,1,-9.151,1,0.26,0.281,0.000106,0.155,0.587,114.991,audio_features,0314PeD1sQNonfVWix3B2K,spotify:track:0314PeD1sQNonfVWix3B2K,https://api.spotify.com/v1/tracks/0314PeD1sQNonfVWix3B2K,https://api.spotify.com/v1/audio-analysis/0314PeD1sQNonfVWix3B2K,116727,4
79,0.494,0.782,3,-4.228,1,0.0409,0.0443,0.0,0.0921,0.44,75.932,audio_features,2NYOqKy4VX6dqVtzrv1Cx9,spotify:track:2NYOqKy4VX6dqVtzrv1Cx9,https://api.spotify.com/v1/tracks/2NYOqKy4VX6dqVtzrv1Cx9,https://api.spotify.com/v1/audio-analysis/2NYOqKy4VX6dqVtzrv1Cx9,186373,4
80,0.472,0.701,2,-4.563,1,0.0369,0.0387,0.0,0.107,0.515,79.805,audio_features,7xNYZeFtrB05pi9tc6lEeb,spotify:track:7xNYZeFtrB05pi9tc6lEeb,https://api.spotify.com/v1/tracks/7xNYZeFtrB05pi9tc6lEeb,https://api.spotify.com/v1/audio-analysis/7xNYZeFtrB05pi9tc6lEeb,169440,4
81,0.79,0.325,4,-11.689,1,0.127,0.509,0.0,0.155,0.539,126.877,audio_features,6VVqPBFZIbcmv14zNfOc13,spotify:track:6VVqPBFZIbcmv14zNfOc13,https://api.spotify.com/v1/tracks/6VVqPBFZIbcmv14zNfOc13,https://api.spotify.com/v1/audio-analysis/6VVqPBFZIbcmv14zNfOc13,163311,4
82,0.607,0.837,10,-4.631,0,0.343,0.109,0.0,0.169,0.604,81.486,audio_features,2rkTDJLlnCgZuHB8uLc5Fp,spotify:track:2rkTDJLlnCgZuHB8uLc5Fp,https://api.spotify.com/v1/tracks/2rkTDJLlnCgZuHB8uLc5Fp,https://api.spotify.com/v1/audio-analysis/2rkTDJLlnCgZuHB8uLc5Fp,187393,4
83,0.479,0.742,7,-5.587,1,0.0539,0.0069,0.000834,0.278,0.454,142.909,audio_features,2FGOg7uYBfnspkPOISXTFY,spotify:track:2FGOg7uYBfnspkPOISXTFY,https://api.spotify.com/v1/tracks/2FGOg7uYBfnspkPOISXTFY,https://api.spotify.com/v1/audio-analysis/2FGOg7uYBfnspkPOISXTFY,181400,3
84,0.883,0.657,8,-5.748,1,0.305,0.0603,0.0,0.128,0.284,124.992,audio_features,1qMMYpVatbRITKCfq1gasi,spotify:track:1qMMYpVatbRITKCfq1gasi,https://api.spotify.com/v1/tracks/1qMMYpVatbRITKCfq1gasi,https://api.spotify.com/v1/audio-analysis/1qMMYpVatbRITKCfq1gasi,172933,4
85,0.544,0.897,3,-6.056,0,0.0471,0.241,0.0,0.13,0.647,157.17,audio_features,34x6hEJgGAOQvmlMql5Ige,spotify:track:34x6hEJgGAOQvmlMql5Ige,https://api.spotify.com/v1/tracks/34x6hEJgGAOQvmlMql5Ige,https://api.spotify.com/v1/audio-analysis/34x6hEJgGAOQvmlMql5Ige,215133,4
86,0.819,0.651,1,-5.829,1,0.169,0.00639,0.0,0.122,0.501,139.957,audio_features,3GdWfmQBiiJrDUvSZS1bGv,spotify:track:3GdWfmQBiiJrDUvSZS1bGv,https://api.spotify.com/v1/tracks/3GdWfmQBiiJrDUvSZS1bGv,https://api.spotify.com/v1/audio-analysis/3GdWfmQBiiJrDUvSZS1bGv,185786,4
87,0.718,0.798,10,-5.433,0,0.352,0.157,0.0,0.135,0.786,168.079,audio_features,1p0BcIePXAd65ouic9XrLT,spotify:track:1p0BcIePXAd65ouic9XrLT,https://api.spotify.com/v1/tracks/1p0BcIePXAd65ouic9XrLT,https://api.spotify.com/v1/audio-analysis/1p0BcIePXAd65ouic9XrLT,200000,4
88,0.821,0.636,11,-4.479,1,0.169,0.142,0.0,0.233,0.163,127.961,audio_features,0QNNd0qMCDbraS1nQPg3aA,spotify:track:0QNNd0qMCDbraS1nQPg3aA,https://api.spotify.com/v1/tracks/0QNNd0qMCDbraS1nQPg3aA,https://api.spotify.com/v1/audio-analysis/0QNNd0qMCDbraS1nQPg3aA,142657,4
89,0.666,0.855,9,-5.051,0,0.0295,0.179,1.2e-06,0.0987,0.803,125.639,audio_features,31AOj9sFz2gM0O3hMARRBx,spotify:track:31AOj9sFz2gM0O3hMARRBx,https://api.spotify.com/v1/tracks/31AOj9sFz2gM0O3hMARRBx,https://api.spotify.com/v1/audio-analysis/31AOj9sFz2gM0O3hMARRBx,268427,4
90,0.529,0.695,6,-6.174,1,0.0278,0.488,1.24e-05,0.142,0.514,139.993,audio_features,6NHpyYvJyQsg2nXXzGYc2R,spotify:track:6NHpyYvJyQsg2nXXzGYc2R,https://api.spotify.com/v1/tracks/6NHpyYvJyQsg2nXXzGYc2R,https://api.spotify.com/v1/audio-analysis/6NHpyYvJyQsg2nXXzGYc2R,215572,4
91,0.444,0.124,9,-15.794,1,0.0794,0.994,0.894,0.0954,0.266,170.59,audio_features,4snTBis7x7nafci0uGLRCA,spotify:track:4snTBis7x7nafci0uGLRCA,https://api.spotify.com/v1/tracks/4snTBis7x7nafci0uGLRCA,https://api.spotify.com/v1/audio-analysis/4snTBis7x7nafci0uGLRCA,182445,4
92,0.556,0.63,7,-8.15,1,0.102,0.000828,0.00468,0.155,0.367,149.147,audio_features,0mKGwFMHzTprtS2vpR3b6s,spotify:track:0mKGwFMHzTprtS2vpR3b6s,https://api.spotify.com/v1/tracks/0mKGwFMHzTprtS2vpR3b6s,https://api.spotify.com/v1/audio-analysis/0mKGwFMHzTprtS2vpR3b6s,210372,5
93,0.787,0.546,0,-7.094,0,0.0532,0.305,4.55e-05,0.122,0.222,93.05,audio_features,5CzixCxDkRXX9mScCmah8O,spotify:track:5CzixCxDkRXX9mScCmah8O,https://api.spotify.com/v1/tracks/5CzixCxDkRXX9mScCmah8O,https://api.spotify.com/v1/audio-analysis/5CzixCxDkRXX9mScCmah8O,176936,4
94,0.663,0.786,11,-3.51,0,0.195,0.229,0.0,0.219,0.579,196.12,audio_features,1797zYiX4cKosMH836X9Gt,spotify:track:1797zYiX4cKosMH836X9Gt,https://api.spotify.com/v1/tracks/1797zYiX4cKosMH836X9Gt,https://api.spotify.com/v1/audio-analysis/1797zYiX4cKosMH836X9Gt,198367,4
95,0.71,0.828,1,-4.725,1,0.0726,0.199,0.0,0.168,0.316,128.027,audio_features,7rQ84WsT2Wcnrz5gTmbGmw,spotify:track:7rQ84WsT2Wcnrz5gTmbGmw,https://api.spotify.com/v1/tracks/7rQ84WsT2Wcnrz5gTmbGmw,https://api.spotify.com/v1/audio-analysis/7rQ84WsT2Wcnrz5gTmbGmw,247458,4
96,0.539,0.508,10,-6.05,1,0.0288,0.727,0.0,0.174,0.227,101.358,audio_features,0T5iIrXA4p5GsubkhuBIKV,spotify:track:0T5iIrXA4p5GsubkhuBIKV,https://api.spotify.com/v1/tracks/0T5iIrXA4p5GsubkhuBIKV,https://api.spotify.com/v1/audio-analysis/0T5iIrXA4p5GsubkhuBIKV,177720,3
97,0.919,0.623,7,-6.521,1,0.0992,0.184,1.63e-05,0.0609,0.775,130.037,audio_features,5ildQOEKmJuWGl2vRkFdYc,spotify:track:5ildQOEKmJuWGl2vRkFdYc,https://api.spotify.com/v1/tracks/5ildQOEKmJuWGl2vRkFdYc,https://api.spotify.com/v1/audio-analysis/5ildQOEKmJuWGl2vRkFdYc,157018,4
98,0.791,0.439,10,-5.62,1,0.0645,0.302,1.85e-05,0.126,0.559,85.004,audio_features,16MQETUgqXwY4lZcyRafU3,spotify:track:16MQETUgqXwY4lZcyRafU3,https://api.spotify.com/v1/tracks/16MQETUgqXwY4lZcyRafU3,https://api.spotify.com/v1/audio-analysis/16MQETUgqXwY4lZcyRafU3,190659,4
99,0.556,0.808,1,-5.391,0,0.428,0.0623,0.0,0.196,0.788,109.168,audio_features,0WBx5ynHLEFv5RFgxKTvIN,spotify:track:0WBx5ynHLEFv5RFgxKTvIN,https://api.spotify.com/v1/tracks/0WBx5ynHLEFv5RFgxKTvIN,https://api.spotify.com/v1/audio-analysis/0WBx5ynHLEFv5RFgxKTvIN,175610,5
